USE `epam_documents`;

INSERT INTO `employeePosition` (`positionID`, `position`) VALUES
(1, 'Accountant'),
(2, 'CEO'),
(3, 'Communication Manager'),
(4, 'Engineer'),
(5, 'Financial Director'),
(6, 'Head of Department'),
(7, 'HR'),
(8, 'Junior Engineer'),
(10, 'Sales Manager'),
(11, 'Senior Engineer'),
(12, 'Senior Manager'),
(13, 'Tecnical Director'),
(14, 'Freelancer');

INSERT INTO `userRoles` (`roleID`, `role`) VALUES
(1, 'ADMIN'),
(2, 'USER'),
(3, 'MANAGER'),
(4, 'NO_PERMISSIONS');

INSERT INTO `employeeStatus` (`emplStatusID`, `emplStatus`) VALUES
(1, 'on duty'),
(2, 'on vacation'),
(3, 'fired'),
(4, 'not activated');

INSERT INTO `employee` (`employeeID`, `pic`, `email`, `password`, `firstName`, `lastName`, `position`, `role`, `employeeStatus`) VALUES
(1, '', 'ivanov@gmail.com', '1', 'Sergey', 'Ivanov', 2, 2, 1),
(2, '', 'zverev@gmail.com', '2', 'Petr', 'Zverev', 7, 1, 1),
(3, '', 'sidorova@gmail.com', '3', 'Elena ', 'Sidorova', 13, 2, 1),
(4, '', 'orehova@gmail.com', '4', 'Olga', 'Orehova', 5, 2, 1),
(5, '', 'goman@gmail.com', '5', 'Dmitry', 'Goman', 6, 2, 2),
(6, '', 'pinchuk@gmail.com', '6', 'Andrey', 'Pinchuk', 6, 2, 1),
(7, '', 'dmitriev@gmail.com', '7', 'Sergey', 'Dmitriev', 1, 2, 1),
(8, '', 'sidorenko@gmail.com', '8', 'Daniil', 'Sidorenko', 1, 2, 1),
(9, '', 'staskov@gmail.com', '9', 'Dmitry', 'Staskov', 3, 2, 2),
(10, '', 'efremova@gmail.com', '10', 'Galina', 'Efremova', 10, 2, 1),
(11, '', 'serov@gmail.com', '11', 'Ilya', 'Serov', 10, 2, 1),
(12, '', 'krytsova@gmail.com', '12', 'Katya', 'Krytsova', 12, 2, 1),
(13, '', 'kholina@gmail.com', '13', 'Mary', 'Kholina', 4, 2, 2),
(14, '', 'severny@gmail.com', '14', 'Mstislav', 'Severny', 4, 2, 1),
(15, '', 'tatarinov@gmail.com', '15', 'Pavel', 'Tatarinov', 8, 2, 3),
(16, '', 'zernov@gmail.com', '16', 'Sergey', 'Zernov', 8, 2, 1),
(17, '', 'sorokina@gmail.com', '17', 'Svetlana', 'Sorokina', 11, 2, 1),
(18, '', 'barkalov@gmail.com', '18', 'Vladimir', 'Barkalov', 11, 2, 3),
(19, '', 'veselov@gmail.com', '19', 'Viktor', 'Veselov', 14, 2, 1),
(20, '', 'kutaeva@gmail.com', '20', 'Alina', 'Kutaeva', 14, 2, 4);

INSERT INTO `documentType` (`docTypeID`, `docType`) VALUES
(1, 'explanatory memorandum'),
(2, 'leave request'),
(3, 'material request'),
(4, 'order'),
(5, 'report'),
(6, 'message');

INSERT INTO `documentStatus` (`docStatusID`, `docStatus`) VALUES
(1, 'cancelled'),
(2, 'redirected'),
(3, 'executed'),
(4, 'new'),
(5, 'viewed');

INSERT INTO `document` (`docID`, `authorID`, `docType`, `description`, `textBody`, `dateUpdated`, `dateToExecute`) VALUES
(1, 1, 4, 'description', 'order 1', '2019-01-23 21:00:00', '2019-01-26 21:00:00'),
(2, 1, 4, 'description', 'order 2', '2019-01-23 21:00:00', '2019-02-27 21:00:00'),
(3, 1, 4, 'description', 'order 3', '2019-01-23 21:00:00', '2019-02-01 21:00:00'),
(4, 15, 6, 'description', 'message 1', '2019-02-06 19:35:43', '2019-02-06 19:35:43'),
(5, 15, 6, 'description', 'message 2', '2019-02-10 10:58:52', '2019-02-10 10:58:52'),
(6, 15, 6, 'description', 'message 3', '2019-03-04 18:36:20', '2019-03-19 21:00:00'),
(7, 15, 2, 'description', 'leave req 1', '2019-03-05 17:36:42', '2019-03-13 21:00:00'),
(8, 2, 4, 'description', 'order 1', '2019-03-05 18:08:20', '2019-03-13 21:00:00'),
(9, 2, 4, 'description', 'order 2', '2019-01-23 21:00:00', '2019-01-26 21:00:00'),
(10, 2, 6, 'description', 'message 1', '2019-01-23 21:00:00', '2019-02-27 21:00:00'),
(11, 2, 6, 'description', 'message 2', '2019-01-23 21:00:00', '2019-02-01 21:00:00'),
(12, 2, 2, 'description', 'leave req 1', '2019-02-06 19:35:43', '2019-02-06 19:35:43'),
(13, 1, 6, 'description', 'message 1', '2019-02-10 10:58:52', '2019-02-10 10:58:52'),
(14, 1, 6, 'description', 'message 2', '2019-03-04 18:36:20', '2019-03-19 21:00:00'),
(15, 1, 6, 'description', 'message 3', '2019-03-05 17:36:42', '2019-03-13 21:00:00'),
(16, 1, 6, 'description', 'message 4', '2019-03-05 18:08:20', '2019-03-13 21:00:00'),
(17, 2, 6, 'description', 'message 1', '2019-02-10 10:58:52', '2019-02-10 10:58:52'),
(18, 2, 6, 'description', 'message 2', '2019-03-04 18:36:20', '2019-03-19 21:00:00'),
(19, 2, 6, 'description', 'message 3', '2019-03-05 17:36:42', '2019-03-13 21:00:00'),
(20, 2, 6, 'description', 'message 4', '2019-03-05 18:08:20', '2019-03-13 21:00:00');

INSERT INTO `subordination` (`id`, `senderID`, `docTypeID`, `receiverID`) VALUES
(1, 1, 4, 7),
(2, 1, 4, 8),
(3, 1, 4, 9),
(4, 1, 4, 2),
(5, 1, 4, 5),
(6, 1, 4, 6),
(7, 1, 4, 4),
(8, 1, 4, 3),
(9, 1, 6, 7),
(10, 1, 6, 8),
(11, 1, 6, 9),
(12, 1, 6, 2),
(13, 1, 6, 5),
(14, 1, 6, 6),
(15, 1, 6, 4),
(16, 1, 6, 3),
(17, 1, 2, 2),
(18, 2, 4, 7),
(19, 2, 4, 8),
(20, 2, 4, 5),
(21, 2, 4, 6),
(22, 2, 4, 4),
(23, 2, 6, 1),
(24, 2, 6, 7),
(25, 2, 6, 8),
(26, 2, 6, 9),
(27, 2, 6, 4),
(28, 2, 6, 3),
(29, 2, 6, 5),
(30, 2, 6, 6),
(31, 2, 2, 1),
(32, 2, 1, 1),
(33, 15, 1, 13),
(34, 15, 1, 14),
(35, 15, 1, 17),
(36, 15, 1, 18),
(37, 15, 1, 5),
(38, 15, 1, 6),
(39, 15, 5, 13),
(40, 15, 5, 14),
(41, 15, 5, 17),
(42, 15, 5, 18),
(43, 15, 5, 5),
(44, 15, 5, 6),
(45, 15, 2, 17),
(46, 15, 2, 18),
(47, 15, 2, 5),
(48, 15, 2, 6),
(49, 15, 3, 5),
(50, 15, 3, 6),
(51, 15, 3, 17),
(52, 15, 3, 18),
(54, 15, 6, 16),
(55, 15, 6, 17),
(56, 15, 6, 18),
(57, 15, 6, 13),
(58, 15, 6, 14);

INSERT INTO `documentHistory` (`id`, `docID`, `fromID`, `toID`, `dateExecuted`, `docStatus`) VALUES
(1, 1, 1, 9, '2019-01-27 21:00:00', 3),
(2, 2, 1, 2, '2019-01-27 21:00:00', 1),
(3, 3, 1, 4, '2019-01-27 21:00:00', 1),
(4, 4, 15, 17, '2019-01-27 21:00:00', 1),
(5, 5, 15, 18, '2019-01-27 21:00:00', 5),
(6, 6, 15, 13, '2019-01-27 21:00:00', 5),
(7, 7, 15, 17, '2019-01-27 21:00:00', 5),
(8, 8, 2, 7, '2019-01-27 21:00:00', 5),
(9, 9, 2, 8, '2019-01-27 21:00:00', 5),
(10, 10, 2, 9, '2019-01-27 21:00:00', 3),
(11, 11, 2, 3, '2019-01-27 21:00:00', 3),
(12, 12, 2, 1, '2019-01-27 21:00:00', 3),
(13, 13, 1, 2, '2019-01-27 21:00:00', 5),
(14, 14, 1, 3, '2019-01-27 21:00:00', 1),
(15, 15, 1, 4, '2019-01-27 21:00:00', 1),
(16, 16, 1, 5, '2019-01-27 21:00:00', 1),
(17, 17, 2, 3, '2019-01-27 21:00:00', 3),
(18, 18, 2, 7, '2019-01-27 21:00:00', 3),
(19, 19, 2, 8, '2019-01-27 21:00:00', 1),
(20, 20, 2, 9, '2019-01-27 21:00:00', 5);
